place_id,lat,lon
BikePoints_651,51.4809,-0.183853
BikePoints_718,51.535717,-0.060291
BikePoints_420,51.504044,-0.105312
BikePoints_69,51.526237,-0.134407
BikePoints_219,51.49016,-0.190393
BikePoints_387,51.4937,-0.121394
BikePoints_677,51.46867,-0.146544
BikePoints_660,51.49087,-0.206029
BikePoints_458,51.50475,-0.057544
BikePoints_212,51.506584,-0.199004
BikePoints_286,51.527294,-0.174653
BikePoints_571,51.506256,-0.218337
BikePoints_232,51.51501,-0.112753
BikePoints_465,51.53558,-0.08249
BikePoints_512,51.53209,-0.06142
BikePoints_602,51.472992,-0.133972
BikePoints_841,51.500847,-0.074704
BikePoints_200,51.514923,-0.066078
BikePoints_290,51.51827,-0.171103
BikePoints_814,51.47143,-0.12367
BikePoints_545,51.539955,-0.145246
BikePoints_691,51.47946,-0.195777
BikePoints_371,51.49775,-0.10988
BikePoints_623,51.46193,-0.180791
BikePoints_665,51.461082,-0.191722
BikePoints_299,51.493984,-0.136928
BikePoints_724,51.457993,-0.184806
BikePoints_735,51.464893,-0.173029
BikePoints_10,51.505974,-0.092754
BikePoints_856,51.527843,-0.108068
BikePoints_274,51.49671,-0.205284
BikePoints_484,51.528828,-0.013258
BikePoints_100,51.490437,-0.122806
BikePoints_301,51.51476,-0.148105
BikePoints_641,51.49824,-0.117495
BikePoints_8,51.529858,-0.183486
BikePoints_477,51.49109,-0.018716
BikePoints_364,51.519573,-0.13214
BikePoints_345,51.48802,-0.166878
BikePoints_490,51.50862,-0.065006
BikePoints_356,51.49441,-0.173881
BikePoints_383,51.513103,-0.131213
BikePoints_732,51.506306,-0.087262
BikePoints_5,51.49313,-0.156876
BikePoints_541,51.506615,-0.142844
BikePoints_123,51.52836,-0.104724
BikePoints_670,51.467186,-0.152248
BikePoints_28,51.523518,-0.143613
BikePoints_206,51.518154,-0.062697
BikePoints_313,51.517345,-0.138072
BikePoints_373,51.499805,-0.176415
BikePoints_532,51.50357,-0.020068
BikePoints_468,51.521564,-0.022694
BikePoints_777,51.46192,-0.165297
BikePoints_156,51.494434,-0.092921
BikePoints_60,51.526447,-0.17219
BikePoints_132,51.523647,-0.074754
BikePoints_370,51.520206,-0.174593
BikePoints_601,51.514767,-0.225787
BikePoints_4,51.53006,-0.120973
BikePoints_395,51.492462,-0.159919
BikePoints_486,51.525646,-0.069543
BikePoints_540,51.5283,-0.144466
BikePoints_557,51.51601,-0.0985
BikePoints_180,51.512913,-0.153645
BikePoints_353,51.49459,-0.134234
BikePoints_500,51.52002,-0.05438
BikePoints_800,51.48112,-0.149035
BikePoints_419,51.48582,-0.149004
BikePoints_473,51.496136,-0.019355
BikePoints_218,51.489716,-0.170194
BikePoints_405,51.494186,-0.18267
BikePoints_547,51.509476,-0.002275
BikePoints_332,51.493343,-0.194757
BikePoints_516,51.5112,-0.014438
BikePoints_750,51.471096,-0.15785
BikePoints_40,51.52127,-0.075578
BikePoints_298,51.502277,-0.074189
BikePoints_13,51.519913,-0.136039
BikePoints_693,51.464787,-0.215618
BikePoints_107,51.52601,-0.096317
BikePoints_475,51.499043,-0.020157
BikePoints_410,51.519966,-0.169774
BikePoints_751,51.51613,-0.120909
BikePoints_46,51.50713,-0.06691
BikePoints_50,51.52867,-0.087459
BikePoints_331,51.52086,-0.089887
BikePoints_530,51.508896,-0.012413
BikePoints_492,51.5255,-0.032267
BikePoints_773,51.51189,-0.107349
BikePoints_322,51.526295,-0.073955
BikePoints_498,51.527058,-0.025296
BikePoints_526,51.503143,-0.008428
BikePoints_197,51.50557,-0.111606
BikePoints_309,51.509632,-0.119047
BikePoints_767,51.457058,-0.200806
BikePoints_840,51.498585,-0.068981
BikePoints_155,51.495865,-0.191933
BikePoints_532,51.5034,-0.020242
BikePoints_262,51.498745,-0.103132
BikePoints_478,51.52189,-0.04667
BikePoints_378,51.49559,-0.179077
BikePoints_834,51.477966,-0.147857
BikePoints_190,51.489975,-0.132845
BikePoints_409,51.493145,-0.099828
BikePoints_761,51.483215,-0.21186
BikePoints_588,51.52959,-0.0801
BikePoints_51,51.52672,-0.104298
BikePoints_256,51.51362,-0.116764
BikePoints_170,51.527843,-0.108068
BikePoints_279,51.518623,-0.176603
BikePoints_768,51.46134,-0.159322
BikePoints_425,51.53747,-0.130294
BikePoints_648,51.46904,-0.196274
BikePoints_725,51.491325,-0.096518
BikePoints_257,51.52248,-0.154907
BikePoints_802,51.47659,-0.118256
BikePoints_36,51.501736,-0.18498
BikePoints_689,51.459225,-0.180884
BikePoints_632,51.47054,-0.163041
BikePoints_43,51.52026,-0.157183
BikePoints_53,51.50999,-0.143495
BikePoints_488,51.506947,-0.058681
BikePoints_76,51.525597,-0.144083
BikePoints_460,51.516197,-0.029138
BikePoints_827,51.479603,-0.111471
BikePoints_439,51.5338,-0.118677
BikePoints_835,51.516785,-0.104947
BikePoints_106,51.514107,-0.147301
BikePoints_119,51.525894,-0.090847
BikePoints_220,51.490665,-0.166485
BikePoints_199,51.510483,-0.082989
BikePoints_202,51.512363,-0.069542
BikePoints_507,51.52869,-0.059091
BikePoints_753,51.452995,-0.148651
BikePoints_792,51.505463,-0.10454
BikePoints_678,51.46231,-0.211468
BikePoints_193,51.505817,-0.100186
BikePoints_762,51.5007,-0.129698
BikePoints_680,51.477684,-0.170329
BikePoints_450,51.515976,-0.053177
BikePoints_446,51.528934,-0.055894
BikePoints_408,51.520008,-0.083935
BikePoints_611,51.506466,-0.208486
BikePoints_81,51.520252,-0.141327
BikePoints_236,51.51838,-0.073438
BikePoints_74,51.485916,-0.124469
BikePoints_469,51.513756,-0.020467
BikePoints_600,51.481747,-0.124642
BikePoints_166,51.501854,-0.159237
BikePoints_664,51.474377,-0.155442
BikePoints_640,51.472866,-0.148059
BikePoints_852,51.48357,-0.202038
BikePoints_250,51.489933,-0.162727
BikePoints_276,51.5093,-0.084985
BikePoints_775,51.496662,-0.223868
BikePoints_679,51.474537,-0.17021
BikePoints_297,51.496128,-0.106
BikePoints_620,51.47518,-0.16716
BikePoints_584,51.51244,-0.19096
BikePoints_55,51.517075,-0.086685
BikePoints_7,51.5343,-0.168074
BikePoints_390,51.521774,-0.068856
BikePoints_813,51.48781,-0.122759
BikePoints_424,51.49049,-0.149186
BikePoints_195,51.507244,-0.106237
BikePoints_174,51.51258,-0.115057
BikePoints_259,51.49096,-0.153233
BikePoints_242,51.522007,-0.151359
BikePoints_384,51.496483,-0.192404
BikePoints_673,51.46517,-0.180389
BikePoints_335,51.511967,-0.120718
BikePoints_317,51.49679,-0.093913
BikePoints_515,51.500088,-0.211316
BikePoints_355,51.461388,-0.139221
BikePoints_394,51.524826,-0.176268
BikePoints_203,51.51822,-0.100791
BikePoints_111,51.510017,-0.157275
BikePoints_745,51.47817,-0.182435
BikePoints_830,51.4692,-0.119022
BikePoints_379,51.514313,-0.200838
BikePoints_67,51.518826,-0.108028
BikePoints_459,51.53518,-0.03338
BikePoints_44,51.510735,-0.144165
BikePoints_628,51.46882,-0.184318
BikePoints_755,51.485123,-0.174971
BikePoints_556,51.502663,-0.021596
BikePoints_595,51.493267,-0.21985
BikePoints_637,51.45787,-0.174691
BikePoints_573,51.485588,-0.18119
BikePoints_629,51.459953,-0.190184
BikePoints_667,51.501595,-0.222293
BikePoints_805,51.520508,-0.200804
BikePoints_283,51.51441,-0.118478
BikePoints_431,51.534473,-0.122203
BikePoints_634,51.494347,-0.215804
BikePoints_663,51.51323,-0.211593
BikePoints_736,51.50659,-0.216104
BikePoints_650,51.51687,-0.213872
BikePoints_801,51.505222,-0.098031
BikePoints_614,51.54119,-0.058826
BikePoints_49,51.50707,-0.145904
BikePoints_539,51.53109,-0.075901
BikePoints_476,51.489098,-0.009205
BikePoints_85,51.50065,-0.0786
BikePoints_152,51.49217,-0.101536
BikePoints_554,51.51355,-0.005659
BikePoints_312,51.530888,-0.17677
BikePoints_514,51.516205,-0.155525
BikePoints_562,51.51742,-0.123189
BikePoints_599,51.485744,-0.223616
BikePoints_706,51.50215,-0.083632
BikePoints_70,51.53136,-0.117069
BikePoints_704,51.45682,-0.202802
BikePoints_127,51.51701,-0.093885
BikePoints_226,51.508446,-0.131961
BikePoints_396,51.51809,-0.163609
BikePoints_222,51.502758,-0.155349
BikePoints_860,51.483147,-0.113134
BikePoints_804,51.534668,-0.125078
BikePoints_506,51.517475,-0.075855
BikePoints_652,51.511486,-0.21819
BikePoints_616,51.48102,-0.209973
BikePoints_105,51.51553,-0.19024
BikePoints_175,51.521667,-0.079608
BikePoints_104,51.511593,-0.077121
BikePoints_430,51.48902,-0.17524
BikePoints_321,51.497856,-0.081608
BikePoints_774,51.47013,-0.20464
BikePoints_359,51.49783,-0.13544
BikePoints_630,51.470734,-0.126994
BikePoints_836,51.541595,-0.125441
BikePoints_75,51.5322,-0.10548
BikePoints_114,51.524517,-0.158963
BikePoints_455,51.49447,-0.014409
BikePoints_806,51.53724,-0.124807
BikePoints_277,51.50316,-0.191496
BikePoints_255,51.525574,-0.179592
BikePoints_685,51.46067,-0.198735
BikePoints_747,51.487965,-0.161765
BikePoints_661,51.51632,-0.202608
BikePoints_511,51.511066,-0.053558
BikePoints_352,51.486965,-0.116625
BikePoints_686,51.488144,-0.222456
BikePoints_148,51.49211,-0.138364
BikePoints_360,51.496754,-0.138733
BikePoints_146,51.488365,-0.129361
BikePoints_14,51.52994,-0.123616
BikePoints_701,51.472878,-0.176267
BikePoints_672,51.502697,-0.116747
BikePoints_779,51.51445,-0.077178
BikePoints_845,51.497993,-0.063471
BikePoints_224,51.51031,-0.187402
BikePoints_635,51.48606,-0.214428
BikePoints_757,51.487957,-0.187404
BikePoints_657,51.49968,-0.221791
BikePoints_149,51.484787,-0.110683
BikePoints_87,51.516468,-0.079684
BikePoints_440,51.483147,-0.113134
BikePoints_480,51.51287,-0.038986
BikePoints_210,51.516815,-0.151926
BikePoints_646,51.498863,-0.137424
BikePoints_597,51.473473,-0.20782
BikePoints_116,51.5145,-0.141423
BikePoints_615,51.476887,-0.215895
BikePoints_98,51.525543,-0.138231
BikePoints_56,51.520584,-0.154701
BikePoints_531,51.530327,-0.042744
BikePoints_692,51.542118,-0.028941
BikePoints_819,51.50621,-0.114842
BikePoints_31,51.529537,-0.083353
BikePoints_361,51.503918,-0.113426
BikePoints_785,51.54094,-0.01051
BikePoints_644,51.48373,-0.223852
BikePoints_519,51.51881,-0.011662
BikePoints_136,51.511963,-0.097441
BikePoints_558,51.493977,-0.127554
BikePoints_818,51.501514,-0.123823
BikePoints_707,51.490215,-0.215087
BikePoints_271,51.535835,-0.156285
BikePoints_467,51.523537,-0.030556
BikePoints_444,51.52568,-0.055312
BikePoints_336,51.504944,-0.115533
BikePoints_826,51.496864,-0.142943
BikePoints_287,51.523674,-0.128377
BikePoints_654,51.482677,-0.117661
BikePoints_782,51.48391,-0.197609
BikePoints_24,51.51908,-0.124678
BikePoints_535,51.53735,-0.147154
BikePoints_176,51.517918,-0.188098
BikePoints_303,51.502953,-0.158456
BikePoints_158,51.490852,-0.19617
BikePoints_682,51.48811,-0.226606
BikePoints_829,51.469215,-0.112686
BikePoints_494,51.50196,-0.016251
BikePoints_461,51.516,-0.038775
BikePoints_45,51.52251,-0.162298
BikePoints_772,51.472507,-0.122831
BikePoints_536,51.53385,-0.06992
BikePoints_765,51.4676,-0.206827
BikePoints_160,51.506634,-0.131773
BikePoints_528,51.507324,-0.145827
BikePoints_828,51.473873,-0.11258
BikePoints_610,51.482567,-0.172078
BikePoints_117,51.49288,-0.114934
BikePoints_617,51.47108,-0.207842
BikePoints_669,51.47615,-0.123258
BikePoints_604,51.53879,-0.138535
BikePoints_79,51.511726,-0.113855
BikePoints_354,51.506767,-0.123702
BikePoints_443,51.515255,-0.058641
BikePoints_671,51.47509,-0.201968
BikePoints_275,51.520042,-0.092176
BikePoints_164,51.515606,-0.183118
BikePoints_120,51.515736,-0.09308
BikePoints_382,51.50935,-0.147449
BikePoints_649,51.481804,-0.180274
BikePoints_357,51.520992,-0.139016
BikePoints_37,51.491592,-0.192369
BikePoints_399,51.522617,-0.071653
BikePoints_569,51.53213,-0.08299
BikePoints_273,51.506134,-0.114686
BikePoints_94,51.49506,-0.085814
BikePoints_472,51.529453,-0.027616
BikePoints_684,51.454754,-0.195197
BikePoints_695,51.536385,-0.102757
BikePoints_131,51.533005,-0.136792
BikePoints_544,51.526154,-0.102208
BikePoints_314,51.50089,-0.083159
BikePoints_362,51.536263,-0.133952
BikePoints_563,51.499287,-0.009152
BikePoints_737,51.47993,-0.194116
BikePoints_108,51.498123,-0.132102
BikePoints_196,51.50369,-0.098497
BikePoints_11,51.523952,-0.122502
BikePoints_743,51.460793,-0.212607
BikePoints_246,51.522854,-0.099994
BikePoints_239,51.524437,-0.138019
BikePoints_26,51.52728,-0.118295
BikePoints_41,51.520954,-0.083493
BikePoints_487,51.51181,-0.025626
BikePoints_731,51.477276,-0.18921
BikePoints_269,51.500824,-0.08974
BikePoints_265,51.515953,-0.169249
BikePoints_58,51.524525,-0.079248
BikePoints_138,51.512276,-0.157436
BikePoints_381,51.51953,-0.135777
BikePoints_300,51.505013,-0.17306
BikePoints_306,51.51816,-0.135025
BikePoints_62,51.490757,-0.106323
BikePoints_625,51.47762,-0.149551
BikePoints_662,51.484985,-0.167919
BikePoints_788,51.54491,-0.020542
BikePoints_102,51.513405,-0.076793
BikePoints_816,51.54653,-0.020597
BikePoints_794,51.461376,-0.147804
BikePoints_83,51.50964,-0.13151
BikePoints_398,51.50232,-0.200742
BikePoints_485,51.531128,-0.048017
BikePoints_717,51.536587,-0.075885
BikePoints_280,51.49008,-0.162418
BikePoints_187,51.492477,-0.178433
BikePoints_524,51.511654,-0.179668
BikePoints_344,51.528248,-0.101026
BikePoints_78,51.524868,-0.099489
BikePoints_454,51.48768,-0.021582
BikePoints_784,51.546326,-0.009935
BikePoints_580,51.48693,-0.102996
BikePoints_145,51.500744,-0.202759
BikePoints_496,51.52512,-0.015578
BikePoints_742,51.515106,-0.208565
BikePoints_191,51.503117,-0.15352
BikePoints_838,51.518093,-0.091401
BikePoints_307,51.509907,-0.187842
BikePoints_329,51.535892,-0.160854
BikePoints_368,51.50024,-0.15934
BikePoints_847,51.488068,-0.057774
BikePoints_447,51.49338,-0.007542
BikePoints_351,51.529423,-0.097122
BikePoints_581,51.51917,-0.147983
BikePoints_82,51.514275,-0.111257
BikePoints_798,51.530197,-0.122299
BikePoints_73,51.525616,-0.088532
BikePoints_807,51.5212,-0.208888
BikePoints_388,51.5107,-0.121723
BikePoints_124,51.496544,-0.150905
BikePoints_505,51.520397,-0.026768
BikePoints_215,51.51907,-0.088285
BikePoints_404,51.50204,-0.1844
BikePoints_674,51.535465,-0.116191
BikePoints_808,51.464996,-0.130908
BikePoints_655,51.482944,-0.219346
BikePoints_482,51.49595,-0.173689
BikePoints_722,51.524582,-0.058631
BikePoints_744,51.467453,-0.172293
BikePoints_289,51.50923,-0.151296
BikePoints_377,51.505356,-0.113656
BikePoints_568,51.51616,-0.18697
BikePoints_366,51.510918,-0.151126
BikePoints_578,51.527607,-0.057133
BikePoints_694,51.460716,-0.216526
BikePoints_326,51.53266,-0.099981
BikePoints_448,51.50623,-0.02296
BikePoints_479,51.527153,-0.058005
BikePoints_238,51.523354,-0.175116
BikePoints_603,51.47784,-0.116493
BikePoints_240,51.50546,-0.105692
BikePoints_760,51.524307,-0.201234
BikePoints_192,51.512516,-0.133201
BikePoints_375,51.501945,-0.194392
BikePoints_258,51.50143,-0.178656
BikePoints_849,51.495598,-0.078893
BikePoints_295,51.500298,-0.092762
BikePoints_624,51.47292,-0.132102
BikePoints_266,51.501026,-0.180246
BikePoints_553,51.53568,-0.062546
BikePoints_89,51.52625,-0.123509
BikePoints_639,51.48357,-0.202038
BikePoints_25,51.52883,-0.13225
BikePoints_12,51.52168,-0.130431
BikePoints_712,51.51854,-0.034903
BikePoints_681,51.473038,-0.214749
BikePoints_613,51.50404,-0.2174
BikePoints_708,51.46161,-0.216145
BikePoints_739,51.481766,-0.185273
BikePoints_851,51.49222,-0.062513
BikePoints_436,51.51824,-0.11655
BikePoints_503,51.520893,-0.051394
BikePoints_173,51.50486,-0.113001
BikePoints_653,51.470848,-0.170703
BikePoints_676,51.47787,-0.126874
BikePoints_481,51.48713,-0.009001
BikePoints_727,51.475697,-0.205876
BikePoints_513,51.51422,-0.055656
BikePoints_151,51.512135,-0.201554
BikePoints_337,51.511086,-0.197524
BikePoints_746,51.479572,-0.179038
BikePoints_2,51.499607,-0.197574
BikePoints_592,51.5171,-0.18377
BikePoints_423,51.49456,-0.153933
BikePoints_101,51.511555,-0.09294
BikePoints_749,51.53933,-0.074284
BikePoints_509,51.51784,-0.090075
BikePoints_213,51.50274,-0.149569
BikePoints_343,51.536922,-0.150181
BikePoints_709,51.46321,-0.21555
BikePoints_68,51.520596,-0.116688
BikePoints_95,51.52084,-0.09734
BikePoints_141,51.51531,-0.147203
BikePoints_21,51.539833,-0.062806
BikePoints_451,51.50472,-0.063531
BikePoints_333,51.508606,-0.193764
BikePoints_631,51.4795,-0.14177
BikePoints_243,51.490963,-0.139625
BikePoints_501,51.52256,-0.054883
BikePoints_118,51.495827,-0.135478
BikePoints_125,51.500694,-0.094524
BikePoints_19,51.52505,-0.131161
BikePoints_690,51.470474,-0.15213
BikePoints_719,51.536423,-0.054162
BikePoints_1,51.529163,-0.10997
BikePoints_598,51.4945,-0.228188
BikePoints_323,51.523197,-0.083067
BikePoints_348,51.51217,-0.150481
BikePoints_61,51.497383,-0.089446
BikePoints_47,51.523342,-0.183846
BikePoints_730,51.492085,-0.229116
BikePoints_726,51.47505,-0.150908
BikePoints_793,51.52828,-0.119558
BikePoints_112,51.51581,-0.10527
BikePoints_92,51.498898,-0.10044
BikePoints_740,51.51093,-0.214594
BikePoints_522,51.52594,-0.036017
BikePoints_733,51.505424,-0.150817
BikePoints_135,51.52326,-0.104708
BikePoints_341,51.508102,-0.126021
BikePoints_799,51.4977,-0.137598
BikePoints_521,51.534138,-0.037366
BikePoints_565,51.521904,-0.063386
BikePoints_282,51.518677,-0.06111
BikePoints_711,51.483356,-0.216305
BikePoints_391,51.510662,-0.142345
BikePoints_857,51.51258,-0.115057
BikePoints_270,51.486343,-0.122492
BikePoints_162,51.517605,-0.121328
BikePoints_393,51.517334,-0.103604
BikePoints_474,51.541515,-0.038557
BikePoints_638,51.466633,-0.169821
BikePoints_121,51.518913,-0.156166
BikePoints_421,51.504044,-0.104778
BikePoints_675,51.46349,-0.182126
BikePoints_216,51.490944,-0.18119
BikePoints_619,51.473763,-0.19701
BikePoints_821,51.483505,-0.147714
BikePoints_39,51.52638,-0.07813
BikePoints_647,51.500355,-0.217515
BikePoints_122,51.521114,-0.078869
BikePoints_790,51.541794,-0.00481
BikePoints_738,51.475143,-0.187278
BikePoints_645,51.50173,-0.100292
BikePoints_245,51.485355,-0.142207
BikePoints_181,51.499413,-0.152317
BikePoints_683,51.465065,-0.16375
BikePoints_319,51.527023,-0.088542
BikePoints_189,51.531666,-0.109914
BikePoints_88,51.518585,-0.132053
BikePoints_577,51.52887,-0.047548
BikePoints_715,51.51563,-0.049067
BikePoints_621,51.460865,-0.187427
BikePoints_129,51.511898,-0.137043
BikePoints_716,51.515427,-0.023565
BikePoints_109,51.515633,-0.132328
BikePoints_769,51.47361,-0.191803
BikePoints_729,51.47894,-0.208485
BikePoints_527,51.503803,-0.215808
BikePoints_562,51.51746,-0.12335
BikePoints_77,51.52342,-0.124121
BikePoints_211,51.494644,-0.158105
BikePoints_22,51.522263,-0.114079
BikePoints_809,51.516277,-0.118272
BikePoints_93,51.53441,-0.109025
BikePoints_626,51.484386,-0.204815
BikePoints_523,51.51549,-0.013475
BikePoints_559,51.501392,-0.205991
BikePoints_349,51.51196,-0.142783
BikePoints_844,51.49844,-0.04915
BikePoints_161,51.492344,-0.141334
BikePoints_752,51.515118,-0.173712
BikePoints_29,51.513737,-0.193487
BikePoints_643,51.519043,-0.204764
BikePoints_780,51.474667,-0.183165
BikePoints_570,51.503082,-0.017676
BikePoints_612,51.469257,-0.141812
BikePoints_796,51.524,-0.126409
BikePoints_90,51.53302,-0.139174
BikePoints_462,51.541603,-0.138853
BikePoints_403,51.51689,-0.158249
BikePoints_48,51.512486,-0.099141
BikePoints_543,51.50959,-0.204666
BikePoints_687,51.4954,-0.061698
BikePoints_846,51.48224,-0.094284
BikePoints_188,51.516518,-0.164393
BikePoints_783,51.54031,-0.02163
BikePoints_244,51.516117,-0.128585
BikePoints_776,51.460335,-0.167029
BikePoints_128,51.49536,-0.185296
BikePoints_291,51.48484,-0.138089
BikePoints_586,51.490646,-0.014582
BikePoints_334,51.505043,-0.115851
BikePoints_338,51.511757,-0.119643
BikePoints_214,51.526836,-0.130504
BikePoints_537,51.51793,-0.067937
BikePoints_548,51.498386,-0.107913
BikePoints_172,51.49121,-0.173715
BikePoints_850,51.4891,-0.091548
BikePoints_529,51.486893,-0.170983
BikePoints_659,51.511932,-0.103078
BikePoints_546,51.51743,-0.107987
BikePoints_803,51.50541,-0.098341
BikePoints_463,51.534775,-0.071881
BikePoints_247,51.53053,-0.167515
BikePoints_452,51.505695,-0.070542
BikePoints_453,51.508446,-0.055167
BikePoints_281,51.495804,-0.127575
BikePoints_311,51.51918,-0.140485
BikePoints_33,51.515232,-0.07015
BikePoints_518,51.528225,-0.037471
BikePoints_589,51.487198,-0.179369
BikePoints_402,51.522892,-0.171681
BikePoints_278,51.503494,-0.07962
BikePoints_538,51.50898,-0.00699
BikePoints_96,51.53095,-0.078505
BikePoints_97,51.497925,-0.183834
BikePoints_714,51.473118,-0.137235
BikePoints_820,51.492805,-0.091938
BikePoints_168,51.5004,-0.195455
BikePoints_42,51.53099,-0.093903
BikePoints_284,51.49914,-0.112031
BikePoints_812,51.548733,-0.022606
BikePoints_143,51.496887,-0.161203
BikePoints_150,51.497055,-0.168917
BikePoints_227,51.528915,-0.11548
BikePoints_596,51.472816,-0.199783
BikePoints_622,51.50748,-0.205535
BikePoints_99,51.514576,-0.158264
BikePoints_574,51.53356,-0.09315
BikePoints_184,51.520714,-0.145211
BikePoints_499,51.519264,-0.021345
BikePoints_606,51.5042,-0.210941
BikePoints_15,51.517727,-0.127854
BikePoints_810,51.506725,-0.098807
BikePoints_464,51.51417,-0.052099
BikePoints_815,51.500088,-0.116628
BikePoints_853,51.46161,-0.216145
BikePoints_209,51.493584,-0.165101
BikePoints_763,51.520596,-0.032566
BikePoints_204,51.5266,-0.112432
BikePoints_433,51.524563,-0.116279
BikePoints_57,51.523346,-0.120202
BikePoints_315,51.525368,-0.153463
BikePoints_723,51.46822,-0.190346
BikePoints_316,51.497997,-0.14296
BikePoints_325,51.509087,-0.129697
BikePoints_63,51.53089,-0.089782
BikePoints_833,51.46023,-0.115375
BikePoints_185,51.488056,-0.140741
BikePoints_340,51.514442,-0.087587
BikePoints_470,51.530537,-0.025492
BikePoints_579,51.511246,-0.093051
BikePoints_229,51.506542,-0.123179
BikePoints_261,51.51349,-0.191351
BikePoints_165,51.517933,-0.183716
BikePoints_696,51.487286,-0.217995
BikePoints_618,51.476257,-0.193254
BikePoints_842,51.510983,-0.108322
BikePoints_130,51.509506,-0.075459
BikePoints_223,51.491486,-0.09022
BikePoints_688,51.460953,-0.200667
BikePoints_392,51.499428,-0.179702
BikePoints_497,51.526577,-0.027581
BikePoints_231,51.493965,-0.178732
BikePoints_110,51.533043,-0.172528
BikePoints_233,51.50777,-0.130699
BikePoints_54,51.521748,-0.094475
BikePoints_147,51.514942,-0.116146
BikePoints_633,51.48959,-0.209378
BikePoints_466,51.534466,-0.076341
BikePoints_324,51.49652,-0.101384
BikePoints_789,51.53872,-0.011889
BikePoints_561,51.518368,-0.043371
BikePoints_787,51.546806,-0.014691
BikePoints_182,51.52203,-0.165842
BikePoints_605,51.520332,-0.163667
BikePoints_52,51.522953,-0.094934
BikePoints_252,51.504635,-0.116542
BikePoints_142,51.493725,-0.198286
BikePoints_221,51.494816,-0.130458
BikePoints_698,51.53908,-0.070329
BikePoints_754,51.5129,-0.214762
BikePoints_412,51.488106,-0.110121
BikePoints_591,51.506092,-0.224223
BikePoints_566,51.50916,-0.224103
BikePoints_502,51.53341,-0.049591
BikePoints_84,51.515938,-0.111778
BikePoints_795,51.52707,-0.131861
BikePoints_839,51.508034,-0.106823
BikePoints_771,51.509224,-0.216016
BikePoints_64,51.50946,-0.124749
BikePoints_293,51.498158,-0.209494
BikePoints_330,51.51642,-0.179135
BikePoints_140,51.52096,-0.085634
BikePoints_153,51.511932,-0.174411
BikePoints_268,51.493202,-0.144132
BikePoints_510,51.509304,-0.025996
BikePoints_832,51.46402,-0.115781
BikePoints_551,51.50577,-0.01646
BikePoints_831,51.466232,-0.113179
BikePoints_593,51.531067,-0.11934
BikePoints_636,51.467064,-0.193502
BikePoints_449,51.51109,-0.057159
BikePoints_263,51.514225,-0.08066
BikePoints_764,51.46239,-0.168292
BikePoints_279,51.518623,-0.176645
BikePoints_697,51.536392,-0.112721
BikePoints_71,51.51542,-0.09885
BikePoints_217,51.516155,-0.082422
BikePoints_80,51.500694,-0.102091
BikePoints_728,51.461998,-0.20624
BikePoints_103,51.504723,-0.192538
BikePoints_607,51.468815,-0.210279
BikePoints_564,51.50994,-0.117619
BikePoints_668,51.494225,-0.236769
BikePoints_758,51.51787,-0.201005
BikePoints_73,51.52548,-0.089659
BikePoints_177,51.49616,-0.140947
BikePoints_32,51.524696,-0.084439
BikePoints_167,51.49395,-0.147624
BikePoints_428,51.499916,-0.174554
BikePoints_658,51.47729,-0.164786
BikePoints_508,51.519363,-0.074431
BikePoints_456,51.53807,-0.144664
BikePoints_363,51.52912,-0.171185
BikePoints_318,51.510048,-0.138846
BikePoints_748,51.537277,-0.079201
BikePoints_289,51.50923,-0.151289
BikePoints_296,51.49363,-0.190603
BikePoints_178,51.489857,-0.141923
BikePoints_235,51.495716,-0.110889
BikePoints_34,51.534122,-0.129386
BikePoints_491,51.522507,-0.041378
BikePoints_587,51.50964,-0.08497
BikePoints_3,51.521282,-0.084605
BikePoints_705,51.459717,-0.212145
BikePoints_609,51.465122,-0.157788
BikePoints_72,51.52352,-0.10834
BikePoints_171,51.491615,-0.186753
BikePoints_400,51.517704,-0.154106
BikePoints_583,51.49764,-0.125972
BikePoints_157,51.500397,-0.193068
BikePoints_720,51.487244,-0.205279
BikePoints_445,51.52388,-0.065076
BikePoints_288,51.49237,-0.147478
BikePoints_292,51.498882,-0.165471
BikePoints_133,51.501366,-0.191462
BikePoints_207,51.50135,-0.153194
BikePoints_272,51.501446,-0.110699
BikePoints_260,51.513683,-0.13558
BikePoints_642,51.469162,-0.174485
BikePoints_483,51.51328,-0.047784
BikePoints_817,51.481335,-0.138212
BikePoints_389,51.51013,-0.155757
BikePoints_66,51.51795,-0.108657
BikePoints_533,51.52822,-0.069743
BikePoints_365,51.530342,-0.100168
BikePoints_441,51.495655,-0.114605
BikePoints_14,51.529415,-0.123944
BikePoints_741,51.51298,-0.219486
BikePoints_113,51.496464,-0.183289
BikePoints_249,51.498596,-0.096191
BikePoints_154,51.50379,-0.112824
BikePoints_376,51.491882,-0.125674
BikePoints_20,51.527325,-0.136052
BikePoints_194,51.504627,-0.091773
BikePoints_426,51.493073,-0.129925
BikePoints_38,51.497387,-0.197245
BikePoints_327,51.53095,-0.085603
BikePoints_237,51.509785,-0.068161
BikePoints_328,51.53114,-0.086016
BikePoints_358,51.516228,-0.124826
BikePoints_251,51.51891,-0.079249
BikePoints_425,51.53792,-0.130529
BikePoints_144,51.48894,-0.111435
BikePoints_23,51.519436,-0.119123
BikePoints_27,51.51382,-0.107927
BikePoints_16,51.526356,-0.125979
BikePoints_489,51.513073,-0.064094
BikePoints_504,51.496452,-0.009506
BikePoints_9,51.507385,-0.09644
BikePoints_30,51.529156,-0.093421
BikePoints_786,51.54937,-0.015717
BikePoints_6,51.518116,-0.144228
BikePoints_264,51.526443,-0.109256
BikePoints_734,51.462303,-0.175407
BikePoints_517,51.532513,-0.033085
BikePoints_797,51.5293,-0.128279
BikePoints_18,51.51477,-0.122219
BikePoints_435,51.488853,-0.105593
BikePoints_201,51.522594,-0.161113
BikePoints_126,51.517822,-0.096496
BikePoints_320,51.493572,-0.139956
BikePoints_294,51.488228,-0.135635
BikePoints_520,51.52604,-0.047218
BikePoints_183,51.48236,-0.136123
BikePoints_627,51.46879,-0.15823
BikePoints_248,51.50645,-0.170279
BikePoints_254,51.530514,-0.106408
BikePoints_139,51.49488,-0.117974
BikePoints_339,51.533318,-0.111781
BikePoints_525,51.496925,-0.2135
BikePoints_91,51.493687,-0.111014
BikePoints_700,51.476963,-0.174347
BikePoints_163,51.493183,-0.167894
BikePoints_347,51.500137,-0.113936
BikePoints_549,51.49605,-0.104193
BikePoints_572,51.5391,-0.141728
BikePoints_401,51.528187,-0.075375
BikePoints_374,51.50403,-0.113864
BikePoints_699,51.536655,-0.07023
BikePoints_542,51.514114,-0.033828
BikePoints_327,51.522167,-0.192814
BikePoints_666,51.49267,-0.07235
BikePoints_350,51.501717,-0.179854
BikePoints_397,51.51348,-0.17977
BikePoints_208,51.52505,-0.166304
BikePoints_411,51.49917,-0.055846
BikePoints_17,51.52166,-0.109006
BikePoints_253,51.534042,-0.086379
BikePoints_552,51.511543,-0.056667
BikePoints_710,51.474392,-0.163347
BikePoints_267,51.49206,-0.132224
BikePoints_550,51.521564,-0.039264
BikePoints_770,51.491028,-0.209121
BikePoints_721,51.536037,-0.026262
BikePoints_759,51.524563,-0.165668
BikePoints_65,51.525227,-0.135188
BikePoints_442,51.5101,-0.211358
BikePoints_372,51.51521,-0.117863
BikePoints_713,51.541008,-0.14326
BikePoints_457,51.542137,-0.145393
BikePoints_576,51.497303,-0.022793
BikePoints_310,51.490868,-0.116911
BikePoints_594,51.513874,-0.117774
BikePoints_380,51.506863,-0.150666
BikePoints_230,51.50669,-0.103137
BikePoints_228,51.507423,-0.134621
BikePoints_495,51.528168,-0.018703
BikePoints_302,51.466908,-0.216573
BikePoints_590,51.53256,-0.16862
BikePoints_427,51.51397,-0.09294
BikePoints_186,51.517334,-0.17581
BikePoints_702,51.528683,-0.06555
BikePoints_811,51.505703,-0.027772
BikePoints_471,51.533283,-0.028155
BikePoints_115,51.514233,-0.073537
BikePoints_756,51.475155,-0.159169
BikePoints_534,51.531864,-0.066035
BikePoints_703,51.51506,-0.105344
BikePoints_766,51.457527,-0.192165
BikePoints_656,51.46842,-0.199135
BikePoints_308,51.499077,-0.085666
BikePoints_367,51.517372,-0.164207
BikePoints_386,51.513527,-0.13011
BikePoints_437,51.488125,-0.120903
BikePoints_225,51.509354,-0.196422
BikePoints_86,51.48948,-0.115156
BikePoints_234,51.534504,-0.106992
BikePoints_560,51.511623,-0.205921
BikePoints_432,51.496468,-0.173796
BikePoints_169,51.514748,-0.165164
BikePoints_608,51.491093,-0.216493
BikePoints_781,51.4959,-0.173009
BikePoints_134,51.504906,-0.06797
